<?xml version="1.0" encoding="UTF-8" standalone="yes"?>
<addon id="repository.azraq" name="Azraq Repo" version="0.0.1" provider-name="mactir3">
	<extension point="xbmc.addon.repository" name="Azraq Repo">
		<dir>
			<info compressed="false">https://raw.githubusercontent.com/noobsandnerds/modules4all/master/zips/addons.xml</info>
			<checksum>https://raw.githubusercontent.com/noobsandnerds/modules4all/master/zips/addons.xml.md5</checksum>
			<datadir zip="true">https://raw.githubusercontent.com/noobsandnerds/modules4all/master/zips/</datadir>
		</dir>
		<info compressed="false">https://raw.githubusercontent.com/mactir3/repository.azraq/master/zips/addons.xml</info>
		<checksum>https://raw.githubusercontent.com/mactir3/repository.azraq/master/zips/addons.xml.md5</checksum>
		<datadir zip="true">https://raw.githubusercontent.com/mactir3/repository.azraq/master/zips/</datadir>
	</extension>
	<extension point="xbmc.addon.metadata">
		<summary lang="en">The very first repo I've done</summary>
		<description lang="en">Trying to get a working video addon</description>
		<genre>movies,tvshows,usa</genre>
	</extension>
</addon>